{"license": "Apache 2.0", "name": "googlemaps", "metadata_version": "2.0", "generator": "bdist_wheel (0.24.0)", "summary": "Python client library for Google Maps API Web Services", "platform": "Posix; MacOS X; Windows", "run_requires": [{"requires": ["requests (<=2.11.1)"]}], "version": "2.4.6", "extensions": {"python.details": {"project_urls": {"Home": "https://github.com/googlemaps/google-maps-services-python"}, "document_names": {"description": "DESCRIPTION.rst"}}}, "classifiers": ["Development Status :: 4 - Beta", "Intended Audience :: Developers", "License :: OSI Approved :: Apache Software License", "Operating System :: OS Independent", "Programming Language :: Python :: 2.7", "Programming Language :: Python :: 3.2", "Programming Language :: Python :: 3.4", "Programming Language :: Python :: 3.5", "Programming Language :: Python :: 3.6", "Topic :: Internet"], "extras": []}